<!DOCTYPE beans PUBLIC "-//SPRING//DTD BEAN//EN" "http://www.springframework.org/dtd/spring-beans.dtd">

<beans>  

	<bean id="welcomePage" class="com.mediapp.web.controller.common.WelcomeController">
        <property name="sessionForm"><value>true</value></property>
        <property name="commandName"><value>person</value></property>
        <property name="commandClass"><value>com.mediapp.domain.common.Person</value></property>
        <property name="formView"><value>welcomePage</value></property>
        <property name="successView"><value>welcomePage</value></property>
	</bean>

          
    <bean id="logonValidator" class="com.mediapp.web.validator.common.LoginValidator">
        <property name="loginService">
			<ref bean="loginService"/>
		</property>
    </bean>

    <bean id="signUpValidator" class="com.mediapp.web.validator.common.SignUpValidator">
        <property name="loginService">
			<ref bean="loginService"/>
		</property>
    </bean>

    
    <bean id="personValidator" class="com.mediapp.web.validator.common.PersonValidator">
        <property name="loginService">
			<ref bean="loginService"/>
		</property>
    </bean>
    
	<bean id="logonForm" class="com.mediapp.web.controller.common.LoginController">
        <property name="sessionForm"><value>true</value></property>
        <property name="commandName"><value>person</value></property>
        <property name="commandClass"><value>com.mediapp.domain.common.Person</value></property>
        <property name="validator"><ref bean="logonValidator"/></property>
        <property name="formView"><value>logon</value></property>
        <property name="successView"><value>personalProfile</value></property>
        <property name="loginService">
			<ref bean="loginService"/>
		</property>
		<property name="sendeMail">
			<ref bean="sendeMail"/>
		</property>
		<property name="sendSMS">
			<ref bean="sendSMS"/>
		</property>
		
    </bean>

	<bean id="appmentLoginForm" class="com.mediapp.web.controller.common.AppMentLoginController">
        <property name="sessionForm"><value>true</value></property>
        <property name="commandName"><value>person</value></property>
        <property name="commandClass"><value>com.mediapp.domain.common.Person</value></property>
        <property name="validator"><ref bean="logonValidator"/></property>
        <property name="formView"><value>appmentLogin</value></property>
        <property name="successView"><value>personalProfile</value></property>
        <property name="loginService">
			<ref bean="loginService"/>
		</property>
        <property name="commonService">
			<ref bean="commonService"/>
		</property>
		
		<property name="sendeMail">
			<ref bean="sendeMail"/>
		</property>
		<property name="sendSMS">
			<ref bean="sendSMS"/>
		</property>
		
    </bean>

	<bean id="appmentSignUpForm" class="com.mediapp.web.controller.common.AppMentSignUpController">
        <property name="sessionForm"><value>true</value></property>
        <property name="commandName"><value>person</value></property>
        <property name="commandClass"><value>com.mediapp.domain.common.Person</value></property>
        <property name="validator"><ref bean="signUpValidator"/></property>
        <property name="formView"><value>appmentSignUp</value></property>
        <property name="successView"><value>personalProfile</value></property>
        <property name="loginService">
			<ref bean="loginService"/>
		</property>
		<property name="sendeMail">
			<ref bean="sendeMail"/>
		</property>
		<property name="sendSMS">
			<ref bean="sendSMS"/>
		</property>
		
    </bean>

	<bean id="inboxForm" class="com.mediapp.web.controller.common.InboxController">
        <property name="sessionForm"><value>true</value></property>
        <property name="commandName"><value>appointment</value></property>
        <property name="commandClass"><value>com.mediapp.domain.common.Appointment</value></property>
        <property name="formView"><value>inbox</value></property>
        <property name="successView"><value>inbox</value></property>
        <property name="commonService">
			<ref bean="commonService"/>
		</property>
		<property name="sendeMail">
			<ref bean="sendeMail"/>
		</property>
		<property name="sendSMS">
			<ref bean="sendSMS"/>
		</property>
		
    </bean>

	<bean id="adminConsole" class="com.mediapp.web.controller.common.AdminController">
        <property name="sessionForm"><value>true</value></property>
        <property name="commandName"><value>admin</value></property>
        <property name="commandClass"><value>com.mediapp.domain.common.Admin</value></property>
        <property name="formView"><value>adminConsole</value></property>
        <property name="successView"><value>adminConsole</value></property>
        <property name="commonService">
			<ref bean="commonService"/>
		</property>
		<property name="appmentCache">
			<ref bean="appMentCache"/>
		</property>
		
		
    </bean>

	<bean id="pastHistory" class="com.mediapp.web.controller.common.PastHistoryController">
        <property name="sessionForm"><value>true</value></property>
        <property name="commandName"><value>patientDetails</value></property>
        <property name="commandClass"><value>com.mediapp.domain.common.PatientDetails</value></property>
        <property name="formView"><value>pastHistory</value></property>
        <property name="successView"><value>pastHistory</value></property>
        <property name="commonService">
			<ref bean="commonService"/>
		</property>
        
	</bean>

    <bean id="uploadFile" class="com.mediapp.web.controller.common.MultiPartFileUploadController">
        <property name="sessionForm"><value>true</value></property>
        <property name="commandClass"><value>com.mediapp.domain.common.MultiPartFileUploadBean</value></property>
        <property name="formView"><value>uploadFile</value></property>
        <property name="successView"><value>uploadFile</value></property>
        <property name="commonService">
			<ref bean="commonService"/>
		</property>
		<property name="appmentCache">
			<ref bean="appMentCache"/>
		</property>
		
    </bean>

	<bean id="downloadFileController" class="com.mediapp.web.controller.common.DownloadFilesController">
		<property name="appmentCache">
			<ref bean="appMentCache"/>
		</property>
	
	</bean>
	
    <bean id="multipartResolver" class="org.springframework.web.multipart.commons.CommonsMultipartResolver"/>

	<bean id="holidayCalendar" class="com.mediapp.web.controller.common.HolidayCalendarController">
        <property name="sessionForm"><value>true</value></property>
        <property name="commandName"><value>holidayCalendar</value></property>
        <property name="commandClass"><value>com.mediapp.domain.common.HolidayCalendarList</value></property>
        <property name="formView"><value>holidayCalendar</value></property>
        <property name="successView"><value>holidayCalendar</value></property>
        <property name="commonService">
			<ref bean="commonService"/>
		</property>
		<property name="sendeMail">
			<ref bean="sendeMail"/>
		</property>
		<property name="sendSMS">
			<ref bean="sendSMS"/>
		</property>
		
        
	</bean>

	<bean id="personalProfileForm" class="com.mediapp.web.controller.common.PersonalProfileController">
        <property name="sessionForm"><value>true</value></property>
        <property name="commandName"><value>person</value></property>
        <property name="commandClass"><value>com.mediapp.domain.common.Person</value></property>
        <property name="validator"><ref bean="personValidator"/></property>
        <property name="formView"><value>personalProfile</value></property>
        <property name="successView"><value>personalProfile</value></property>
        <property name="loginService">
			<ref bean="loginService"/>
		</property>
        <property name="commonService">
			<ref bean="commonService"/>
		</property>
        
	</bean>

	<bean id="searchDoctor" class="com.mediapp.web.controller.common.SearchDoctorController">
        <property name="sessionForm"><value>true</value></property>
        <property name="commandName"><value>doctorSearch</value></property>
        <property name="commandClass"><value>com.mediapp.domain.common.DoctorSearch</value></property>
        <property name="formView"><value>searchDoctor</value></property>
        <property name="successView"><value>searchDoctor</value></property>
        <property name="loginService">
			<ref bean="loginService"/>
		</property>
        <property name="commonService">
			<ref bean="commonService"/>
		</property>
	</bean>

	<bean id="createAppointment" class="com.mediapp.web.controller.common.CreateAppointmentController">
        <property name="sessionForm"><value>true</value></property>
        <property name="commandName"><value>appointment</value></property>
        <property name="commandClass"><value>com.mediapp.domain.common.Appointment</value></property>
        <property name="formView"><value>createAppointment</value></property>        
        <property name="commonService">
			<ref bean="commonService"/>
		</property>
		<property name="sendeMail">
			<ref bean="sendeMail"/>
		</property>
		<property name="sendSMS">
			<ref bean="sendSMS"/>
		</property>
		
	</bean>

	<bean id="rescheduleAppointment" class="com.mediapp.web.controller.common.RescheduleAppointmentController">
        <property name="sessionForm"><value>true</value></property>
        <property name="commandName"><value>appointment</value></property>
        <property name="commandClass"><value>com.mediapp.domain.common.Appointment</value></property>
        <property name="formView"><value>rescheduleAppointment</value></property>
        <property name="commonService">
			<ref bean="commonService"/>
		</property>
		<property name="sendeMail">
			<ref bean="sendeMail"/>
		</property>
		<property name="sendSMS">
			<ref bean="sendSMS"/>
		</property>
	</bean>


	<bean id="updateAppointment" class="com.mediapp.web.controller.common.UpdateAppointmentController">
        <property name="sessionForm"><value>true</value></property>
        <property name="commandName"><value>appointment</value></property>
        <property name="commandClass"><value>com.mediapp.domain.common.Appointment</value></property>
        <property name="formView"><value>updateAppointment</value></property>        
        <property name="commonService">
			<ref bean="commonService"/>
		</property>
	</bean>

	<bean id="takeAppointmentForm" class="com.mediapp.web.controller.common.TakeAppointmentController">
        <property name="sessionForm"><value>true</value></property>
        <property name="commandName"><value>person</value></property>
        <property name="commandClass"><value>com.mediapp.domain.common.Person</value></property>
        <property name="formView"><value>takeAppointment</value></property>
        <property name="successView"><value>takeAppointment</value></property>
        <property name="commonService">
			<ref bean="commonService"/>
		</property>        
	</bean>

	<bean id="dayAppointmentForm" class="com.mediapp.web.controller.common.DayAppointmentController">
        <property name="sessionForm"><value>true</value></property>
        <property name="commandName"><value>appointment</value></property>
        <property name="commandClass"><value>com.mediapp.domain.common.Appointment</value></property>
        <property name="formView"><value>dayAppointment</value></property>
        <property name="successView"><value>dayAppointment</value></property>
        <property name="commonService">
			<ref bean="commonService"/>
		</property> 
		<property name="sendeMail">
			<ref bean="sendeMail"/>
		</property>
		<property name="sendSMS">
			<ref bean="sendSMS"/>
		</property>
		       
	</bean>

	<bean id="appointmentPopUpForm" class="com.mediapp.web.controller.common.AppointmentPopUpController">
        <property name="sessionForm"><value>true</value></property>
        <property name="commandName"><value>person</value></property>
        <property name="commandClass"><value>com.mediapp.domain.common.Person</value></property>
        <property name="formView"><value>appointmentPopUp</value></property>
        <property name="successView"><value>appointmentPopUp</value></property>
        <property name="commonService">
			<ref bean="commonService"/>
		</property>
	</bean>

    <bean id="logOut" class="com.mediapp.web.controller.common.LogoutController">
        <property name="sessionForm"><value>true</value></property>
        <property name="commandName"><value>person</value></property>
        <property name="commandClass"><value>com.mediapp.domain.common.Person</value></property>
        <property name="formView"><value>welcomePage</value></property>
        <property name="successView"><value>welcomePage</value></property>
    </bean>


    <bean id="messageSource" class="org.springframework.context.support.ResourceBundleMessageSource">
        <property name="basename"><value>messages</value></property>
    </bean>
    
    <bean id="docWelcomeController" class="com.mediapp.web.controller.doc.DocWelcomeController"/>
    
     <bean id="mediAppHandlerInterceptor" class="com.mediapp.web.common.MediAppHandlerInterceptor"/>
    
	<!-- you can have more than one handler defined -->
	<bean id="urlMapping" 
          class="org.springframework.web.servlet.handler.SimpleUrlHandlerMapping">
          <property name="interceptors">
			<list>
				<ref bean="mediAppHandlerInterceptor"/>
			</list>
		</property>
		<property name="urlMap">
			<map>
				
				<entry key="/welcomePage.htm">
					<ref bean="welcomePage"/>
				</entry>
				<entry key="/logon.htm">
					<ref bean="logonForm"/>
				</entry>
				<entry key="/welcomeDoc.htm">
					<ref bean="docWelcomeController" />
				</entry>
				<entry key="/personalProfile.htm">
					<ref bean="personalProfileForm" />
				</entry>
				<entry key="/takeAppointment.htm">
					<ref bean="takeAppointmentForm" />
				</entry>
				<entry key="/dayAppointment.htm">
					<ref bean="dayAppointmentForm" />
				</entry>
				<entry key="appointmentPopUp.htm">
					<ref bean="appointmentPopUpForm" />
				</entry>
				<entry key="searchDoctor.htm">
					<ref bean="searchDoctor" />
				</entry>
				<entry key="createAppointment.htm">
					<ref bean="createAppointment" />
				</entry>
				<entry key="updateAppointment.htm">
					<ref bean="updateAppointment" />
				</entry>
				<entry key="pastHistory.htm">
					<ref bean="pastHistory" />
				</entry>
				<entry key="holidayCalendar.htm">
					<ref bean="holidayCalendar" />
				</entry>
				<entry key="uploadFile.htm">
					<ref bean="uploadFile" />
				</entry>
			     <entry key="logOut.htm">
     				<ref bean="logOut" />
    			</entry>
			     <entry key="rescheduleAppointment.htm">
     				<ref bean="rescheduleAppointment" />
    			</entry>
				<entry key="/appmentLogin.htm">
					<ref bean="appmentLoginForm"/>
				</entry>
				<entry key="/appmentSignUp.htm">
					<ref bean="appmentSignUpForm"/>
				</entry>
				<entry key="/inbox.htm">
					<ref bean="inboxForm"/>
				</entry>
				<entry key="/download.htm">
					<ref bean="downloadFileController"/>
				</entry>
				<entry key="/adminConsole.htm">
					<ref bean="adminConsole"/>
				</entry>
			</map>
		</property>
		<property name="mappings">
			<props>
				<prop key="/*.pdf">controller</prop>
			</props>
		</property>
		
	</bean>
	
	 <bean id="ClientView" class="com.mediapp.web.common.FallbackJstlViewResolver">
	  <property name="viewClass" value="org.springframework.web.servlet.view.JstlView"/>
	  <property name="prefix" value="/WEB-INF/jsp/"/>
	  <property name="suffix" value=".jsp"/>  
	  <property name="order" value="1"/>
	 </bean>
	 
	 <bean id="rViewResolver" class="org.springframework.web.servlet.view.ResourceBundleViewResolver">
	     <property name="order" value="2"/>
	     <property name="basename" value="views"/>
	 </bean>
    
    <!-- Generic Exception Handler  -->
	<bean id="exceptionHandler" class="com.mediapp.web.common.MediApplBaseExceptionResolver">
		<property name="exceptionMappings">
			<value>java.lang.Exception=genericError</value>
		</property>
	</bean>
<!-- Generic Exception Handler  -->
    <bean id="mailSender" class="org.springframework.mail.javamail.JavaMailSenderImpl">
   		<property name="host" value="smtp.gmail.com" />
   		<property name="port" value="465" />
		<property name="protocol" value="smtps" />
		<property name="username" value="appment@gmail.com"/>
		<property name="password" value="mh12ac830"/>
		<property name="javaMailProperties">
		<props>
			<prop key="mail.smtps.auth">true</prop>
			<prop key="mail.smtps.starttls.enable">true</prop>
			<prop key="mail.smtps.debug">true</prop>
		</props>
		</property>

   </bean>

   <bean id="sendeMail" class="com.mediapp.core.common.business.impl.ScheduleEMail">
      <property name="mailSender" ref="mailSender"/>
      <property name="velocityEngine" ref="velocityEngine"/>
      <property name="commonDAO">
			<ref bean="commonDAO"/>
	  </property>
      
   </bean>

   <bean id="sendSMS" class="com.mediapp.core.common.business.impl.ScheduleSMS">
      <property name="commonDAO">
			<ref bean="commonDAO"/>
	  </property>
   
   </bean>
   
   <bean id="velocityEngine" class="org.springframework.ui.velocity.VelocityEngineFactoryBean">
      <property name="velocityProperties">
         <value>
            resource.loader=class
            class.resource.loader.class=org.apache.velocity.runtime.resource.loader.ClasspathResourceLoader
         </value>
      </property>
   </bean>
	<bean id="controller" class="com.mediapp.web.controller.common.ReportController">
		<property name="methodNameResolver">
			<ref local="resolver"/>
		</property>
	</bean>

	<bean id="resolver" class="org.springframework.web.servlet.mvc.multiaction.PropertiesMethodNameResolver">
		<property name="mappings">
			<props>
				<prop key="/simpleReport.pdf">handleSimpleReport</prop>
				<prop key="/simpleReportPost.pdf">handleSimpleReportPost</prop>
				<prop key="/simpleReportPost.action">handleSimpleReportPost</prop>
				<prop key="/simpleReportCompile.pdf">handleSimpleReportCompile</prop>
				<prop key="/generateHistory.pdf">handleGenerateHistory</prop>				
				<prop key="/simpleReportHtml.html">handleSimpleReportHtml</prop>
				<prop key="/simpleReportCsv.csv">handleSimpleReportCsv</prop>
				<prop key="/simpleReportExcel.xls">handleSimpleReportExcel</prop>
				<prop key="/simpleReportMulti.*">handleSimpleReportMulti</prop>
				<prop key="/subReport.pdf">handleSubReport</prop>
				<prop key="/exporterParameters.html">handleExporterParameters</prop>
			</props>
		</property>
	</bean>
	
	<bean id="appMentCache" class="com.mediapp.core.common.business.impl.AppmentCache" >
  		<property name="appmentCachingDAO">
   			<ref bean="appmentCachingDAO"/>
  		</property>
   </bean>  

</beans>