<?xml version="1.0" encoding="UTF-8"?>
<beans xmlns="http://www.springframework.org/schema/beans"
       xmlns:xsi="http://www.w3.org/2001/XMLSchema-instance"
       xmlns:aop="http://www.springframework.org/schema/aop"
       xmlns:tx="http://www.springframework.org/schema/tx"
       xsi:schemaLocation="http://www.springframework.org/schema/beans
       http://www.springframework.org/schema/beans/spring-beans-2.5.xsd
       http://www.springframework.org/schema/tx 
       http://www.springframework.org/schema/tx/spring-tx-2.5.xsd
       http://www.springframework.org/schema/aop 
       http://www.springframework.org/schema/aop/spring-aop-2.5.xsd">
	<description>
		MediApp Common classes Application Context
	</description>


	<bean id="loginService"	class="com.mediapp.core.common.business.impl.LoginServiceImpl">
		<property name="commonDAO">
			<ref bean="commonDAO"/>
		</property>
	</bean>
	
	<bean id="commonService"	class="com.mediapp.core.common.business.impl.CommonServiceImpl">
		<property name="commonDAO">
			<ref bean="commonDAO"/>
		</property>
	</bean>

	<bean id="scheduleEmail"	class="com.mediapp.core.common.business.impl.ScheduleEMail">
		<property name="commonDAO">
			<ref bean="commonDAO"/>
		</property>
	</bean>

	<bean id="scheduleSMS"	class="com.mediapp.core.common.business.impl.ScheduleSMS">
		<property name="commonDAO">
			<ref bean="commonDAO"/>
		</property>
	</bean>

     <bean id="taskExecutor" class="org.springframework.scheduling.concurrent.ThreadPoolTaskExecutor">
      <property name="corePoolSize" value="5" />
      <property name="maxPoolSize" value="10" />
      <property name="queueCapacity" value="25" />
    </bean>
	<bean id="scheduledJob" class="com.mediapp.core.common.business.impl.ScheduledJob">
		<property name="commonDAO">
			<ref bean="commonDAO"/>
		</property>
		<property name="sendEmail">
			<ref bean="scheduleEmail"/>
		</property>
		<property name="taskExecutor">
			<ref bean="taskExecutor"/>
		</property>
    </bean>
    
	<bean id="jobScheduler"	class="com.mediapp.core.common.business.impl.JobScheduler">
		<property name="taskExecutor">
			<ref bean="taskExecutor" />
		</property>
		<property name="commonDAO">
			<ref bean="commonDAO"/>
		</property>
		<property name="scheduledJob">
			<ref bean="scheduledJob" />
		</property>
		
	</bean>

	<bean id="scheduledTask" class="org.springframework.scheduling.timer.ScheduledTimerTask">
	    <!-- wait 10 seconds before starting repeated execution -->
	    <property name="delay" value="10000" />
	    <!-- run every 50 seconds -->
	    <property name="period" value="120000" />
	    <property name="timerTask" ref="methodToInvoke"/>
	    	    
	</bean>  
	
	<bean id="methodToInvoke" class="org.springframework.scheduling.timer.MethodInvokingTimerTaskFactoryBean">
    	<property name="targetObject" ref="jobScheduler" />
    	<property name="targetMethod" value="executeJob" />
	</bean>
	 
	<bean id="timerFactory" class="org.springframework.scheduling.timer.TimerFactoryBean">
    	<property name="scheduledTimerTasks">
        	<list>
            	<ref bean="scheduledTask" />
        	</list>
    	</property>
	</bean>
	
	
	<bean id="commonDAO" class="com.mediapp.core.common.dao.impl.CommonDAOImpl" parent = "mediAppBaseDAOImpl">
	</bean>

	<bean id="appmentCachingDAO" class="com.mediapp.core.common.dao.impl.AppmentCachingDAOImpl" parent = "mediAppBaseDAOImpl">
	</bean>

	<tx:advice id="txAdvice" transaction-manager="transactionManager">
  		<tx:attributes>
    		<tx:method name="get*" read-only="true"/>
    		<tx:method name="*" rollback-for="DataAccessException,MediAppBaseException,RuntimeException"/>
	  </tx:attributes>
	</tx:advice>
	<aop:config>
  		<aop:pointcut id="commonDAOOperation" expression="execution(* com.mediapp.core.common.dao.CommonDAO.*(..))"/>
  		<aop:advisor advice-ref="txAdvice" pointcut-ref="commonDAOOperation"/>
	</aop:config>
</beans>