<?xml version="1.0" encoding="UTF-8"?>
<beans xmlns="http://www.springframework.org/schema/beans"
       xmlns:xsi="http://www.w3.org/2001/XMLSchema-instance"
       xsi:schemaLocation="http://www.springframework.org/schema/beans
       http://www.springframework.org/schema/beans/spring-beans-2.5.xsd">

	<description>MediApp Data Access Object Application Context</description>
	
	<!-- PropertyPlaceholderConfigurer used to abstract away the environment information into a properties file  -->
	<bean class="org.springframework.beans.factory.config.PropertyPlaceholderConfigurer">
		<property name="location" value="classpath:resources/common/properties/datasource.properties"/>
		<property name="placeholderPrefix" value="$mediAppDataSource{"/>
		<property name="ignoreUnresolvablePlaceholders" value="true"/>
	</bean>
	<!-- PropertyPlaceholderConfigurer used to abstract away the environment information into a properties file  -->

	<!-- Development datasource -->
	<bean id="JdbcDataSource" class="org.apache.commons.dbcp.BasicDataSource">
        <property name="driverClassName" value="$mediAppDataSource{mediApp.jdbc.driverClassName}"/>
		<property name="url" value="$mediAppDataSource{mediApp.jdbc.url}"/>
        <property name="username" value="$mediAppDataSource{mediApp.jdbc.username}"/>
        <property name="password" value="$mediAppDataSource{mediApp.jdbc.password}"/>
        <property name="initialSize" value="1"/>
        <property name="maxActive" value="20"/>
    </bean>
	<!-- Development datasource -->

	<bean id="JasperJdbcDataSource" class="org.apache.commons.dbcp.BasicDataSource">
        <property name="driverClassName" value="org.gjt.mm.mysql.Driver"/>
  		<property name="url" value="jdbc:mysql://localhost:3306/mediapp"/>
        <property name="username" value="root"/>
        <property name="password" value="123456"/>
        <property name="initialSize" value="1"/>
        <property name="maxActive" value="20"/>
    </bean> 

    <!-- Production datasource commented for now --><!--
    <bean id="JndiDataSource" class="org.springframework.jndi.JndiObjectFactoryBean">
		<property name="jndiName" value="$mediAppDataSource{mediApp.jdbc.datasource}" />
		 Setting these two properties ensures that 
			 Spring does not eagerly lookup the DataSource from JNDI 
		<property name="lookupOnStartup">
			<value>false</value>
		</property>
		<property name="proxyInterface">
			<value>javax.sql.DataSource</value>
		</property>
	</bean>
    --><!-- Production datasource -->

    <!-- Spring Transaction Manager -->
	<bean id="transactionManager" class="org.springframework.jdbc.datasource.DataSourceTransactionManager">
    	<property name="dataSource">
			<ref bean="$mediAppDataSource{mediApp.dataSourceBeanName}"/>
		</property>
	</bean>
    <!-- Spring Transaction Manager -->

    <!-- SqlMapClient Configuration -->
	<bean id="sqlMapClient" class="org.springframework.orm.ibatis.SqlMapClientFactoryBean">
		<property name="configLocation">
			<value>classpath:resources/common/ibatis/SqlMapConfig.xml</value>
		</property>
		<property name="dataSource">
			<ref bean="$mediAppDataSource{mediApp.dataSourceBeanName}"/>
		</property>
	</bean>
    <!-- SqlMapClient Configuration -->

    <!-- Abstract spring bean definition of the mediAppBaseDAOImpl class -->
	<bean id="mediAppBaseDAOImpl" class="com.mediapp.core.common.dao.impl.MediAppBaseDAOImpl" abstract="true">
		<property name="sqlMapClient"><ref local="sqlMapClient"/></property>
	</bean>
    <!-- Abstract spring bean definition of the mediAppBaseDAOImpl class -->
	
</beans>